id,name,headquarter,country_id,founded_year
1,101 Doors,Seoul,91,2012
2,10x,Seoul,91,2020
3,131 Online,Seoul,91,2021
4,143,Seoul,91,2020
5,153/Joombas Music Group,"Hollywood, New York, Seoul",91,2012
6,2%Entertainment,"Gangnam-gu, Seoul",91,2010
7,220,Seoul,91,2018
8,2ABLE Company,Seoul,91,2010
9,3101,Seoul,91,2012
10,40 Company,Seoul,91,2013
11,4D Lable,Seoul,91,2017
12,502,Seoul,91,2018
13,8BallTown,Seoul,91,2015
14,8D Creative,Seoul,91,2017
15,8D,Seoul,91,2019
16,8recordz,"Mapo-gu, Seoul",91,2022
17,935,Seoul,91,2014
18,99Major,Seoul,91,2023
19,A Flat,Seoul,91,2018
20,A MASS CULTURE,Seoul,91,2022
21,A team,Seoul,91,2015
22,A-Man Project,Seoul,91,2018
23,A.I.M,Seoul,91,2018
24,A'Pik,Seoul,91,2017
25,A+,Seoul,91,2019
26,A1,Seoul,91,2018
27,A2Z,Seoul,91,2018
28,AB Creative,Seoul,91,2016
29,About,Seoul,91,2020
30,ABYSS Company,Seoul,91,2014
31,Accelers,"Gangnam-gu, Seoul",91,2021
32,ADE Music,"Dongdaemun-gu, Seoul",91,2016
33,ADOR,Seoul,91,2021
34,AEYLMUSIC,"Seocho-gu, Seoul",91,2021
35,Aftermoon Music,"Gangnam-gu, Seoul",91,2010
36,AL Media Lab,"Gangnam-gu, Seoul",91,2016
37,ALFHA,Seoul,91,2022
38,Alien Company,"Mapo-gu, Seoul",91,2021
39,All I Know Music,Seoul,91,2016
40,All Right Music,Seoul,91,2017
41,All-S Company,Seoul,91,2017
42,ALLART,Seoul,91,2020
43,AllBlue Records,Seoul,91,2019
44,ALLELE ENTERTAINMENT,Seoul,91,2023
45,Ambition Musik,Seoul,91,2016
46,Amoeba Culture,"Mapo-gu, Seoul",91,2006
47,Amuse Korea,"Gangnam-gu, Seoul",91,2000
48,AMX,Seoul,91,2018
49,An,Seoul,91,2003
50,AnB Group,Seoul,91,2021
51,ANDMARQ,"Gangnam-gu, Seoul",91,2016
52,Annyung Music,Seoul,91,2014
53,ANS,Seoul,91,2019
54,Antenna,"32-10, Eonju-ro 135-gil, Gangnam-gu, Seoul, South Korea",91,1997
55,AO,Seoul,91,2017
56,AOMG,Seoul,91,2013
57,AP Alchemy,Seoul,91,2023
58,Apple Monster,Seoul,91,2009
59,AQ,Seoul,91,2010
60,Areia Creations Global,Seoul,91,2013
61,Aria Diamond,Seoul,91,2023
62,Aria Group,Seoul,91,2018
63,ARMADA Ent,Seoul,91,2023
64,Around US,Seoul,91,2016
65,artcompany SOUL,Seoul,91,2020
66,Artist Company,Seoul,91,2016
67,ARTS & ARTISTS,"Gangnam-gu, Seoul",91,2013
68,Artsro,"Seongbuk-gu, Seoul",91,2020
69,Ascendio,"Gangnam-gu, Seoul",91,2021
70,Astory,Seoul,91,2014
71,AT AREA,Seoul,91,2021
72,Atispaus,Seoul,91,2020
73,ATMseoul,Seoul,91,2018
74,ATOC,Seoul,91,2023
75,ATRP,"Seongdong-gu, Seoul",91,2023
76,ATTRAKT,"Gangnam-gu, Seoul",91,2021
77,AUBEMOON STUDIO,Seoul,91,2023
78,AURA,"Gangnam-gu, Seoul",91,2020
79,Ava Films &,Seoul,91,2005
80,Awesome ENT,Seoul,91,2018
81,Awesome Music Academy,"Seo-gu, Incheon",91,2022
82,AXIS,Seoul,91,2018
83,B2M,Seoul,91,2010
84,BabaPlay,Seoul,91,2019
85,Bace Camp Studio,Seoul,91,2015
86,BAD (Ballin' All Day),Seoul,91,2019
87,Badahae,Seoul,91,2022
88,Baljunso,"Mapo-gu, Seoul",91,1991
89,BANA,Seoul,91,2014
90,Banana Culture,Seoul,91,1984
91,Banana,Seoul,91,2017
92,Be the max,Seoul,91,2014
93,Beat Interactive,Seoul,91,2016
94,BEATMEDIA,Seoul,91,2021
95,BEATS,"Gangnam-gu, Seoul",91,2021
96,Beautiful Noise,Seoul,91,2018
97,Beauty Hankook,"Seongdong-gu, Seoul",91,2012
98,Belift Lab,Seoul,91,2018
99,Best Flow,Seoul,91,1994
100,Better ENT,Seoul,91,2009
101,Beyond J,Seoul,91,2019
102,BG,"Gyeyang-gu, Incheon",91,2016
103,BH,"Gangnam-Gu, Seoul",91,2006
104,Big Boss,"Mapo-gu, Seoul",91,2019
105,Big Mountain,"Seocho-gu, Seoul",91,2022
106,Big Ocean ENM,Seoul,91,2020
107,Big Picture,Seoul,91,2018
108,Big Whale,Seoul,91,2013
109,BIGHIT MUSIC,Seoul,91,2005
110,Bill,"Gangnam-gu, Seoul",91,2022
111,BILLION MUSIC,Seoul,91,2023
112,Biscuit,"Gangnam, Seoul",91,2021
113,BIXIZ XOUND,Seoul,91,2017
114,BK,Seoul,91,2023
115,BLACK HOLE,"Gangnam-gu, Seoul",91,2017
116,Black Made,Seoul,91,2022
117,BLADE,"Gangnam-gu, Seoul",91,2019
118,BLADE Music,Seoul,91,2023
119,BlockBerryCreative,Seoul,91,2016
120,Blooming,"Seocho, Seoul",91,2021
121,Blossom,Seoul,91,2012
122,Blue.D,Seoul,91,2021
123,Bluedot,Seoul,91,2021
124,BLUEMOON,"Gangnam-gu, Seoul",91,2017
125,BOD,Seoul,91,2018
126,Bonboo,"Gangnam-Gu, Seoul",91,2015
127,Boran Records,Seoul,91,2017
128,BPM,Seoul,91,2021
129,Brand New Music,Seoul,91,2011
130,BRANDNEW-A,Seoul,91,2019
131,Brave,Seoul,91,2008
132,BRD Communications,Seoul,91,2023
133,BRICKWORKS Company,Seoul,91,2018
134,brid í (Bridge),Seoul,91,2017
135,Bright,"Gangnam-gu, Seoul",91,2018
136,Broomstick,"Gangnam-gu, Seoul",91,2010
137,BS Company,Seoul,91,2016
138,BTC,"Seongdong-gu, Seoul",91,2019
139,BY-U,Seoul,91,2020
140,BY4M Studio,Seoul,91,2017
141,C-JeS,Seoul,91,2009
142,C&D,"Mapo-gu, Seoul",91,2020
143,C9,Seoul,91,2012
144,CABIN74,"Mapo-gu, Seoul",91,2014
145,Campus,Seoul,91,2009
146,Carrie TV,"Guro-gu, Seoul",91,2015
147,CDNZA Records,Seoul,91,2022
148,CELEBIT,Seoul,91,2020
149,Celltrion,"Mapo-gu, Seoul",91,2012
150,CEUDA,Seoul,91,2020
151,Cherry Hill,Seoul,91,2019
152,Choeun,Seoul,91,2001
153,Choi Creative Lab,"Yangcheon-gu, Seoul",91,2014
154,Choon,Seoul,91,2016
155,Chorokbaem E&M,"Gangnam-gu, Seoul",91,1999
156,Chrome,Seoul,91,2011
157,Chungchun Music,Seoul,91,2013
158,CI,Seoul,91,2014
159,CIELOGROOVE,"Songpa-gu, Seoul",91,2021
160,CJ E&M,"Mapo-gu, Seoul",91,2011
161,CJ E&M Music,Seoul,91,2011
162,CL&Company,Seoul,91,2016
163,CLEF Company,"Mapo-gu, Seoul",91,2013
164,Clevr E&M,Seoul,91,2018
165,CLIMIX,Seoul,91,2005
166,CMG Chorok Byeol,Seoul,91,2007
167,CNC SCHOOL,Seoul,91,2014
168,Coconut Music,Seoul,91,2019
169,Collabodadi,Seoul,91,2013
170,COMMAND THE-M,Seoul,91,2022
171,Company Soosoo,Seoul,91,2023
172,COMPANY919,Seoul,91,2015
173,CONSENT,Seoul,91,2021
174,CORAZON,"Gangnam-gu, Seoul",91,2019
175,COREO,"Gangnam-gu, Seoul",91,2021
176,Coridel,Seoul,91,2015
177,Cosm,Seoul,91,2022
178,COSMIK RAIDERS,Seoul,91,2022
179,Craft And Jun,Seoul,91,2014
180,Cre.ker,Seoul,91,2016
181,Cream,Seoul,91,1999
182,Creative Group ING,"Gangnam-gu, Seoul",91,2019
183,Creative Kkot,"Jung-gu, Seoul",91,2013
184,CS,Seoul,91,2010
185,CTDENM,Seoul,91,2022
186,Ctrl,"Gangnam-gu, Seoul",91,2020
187,CTYL,Seoul,91,2023
188,Cube,"Seongdong gu, Seoul",91,2006
189,Culture Depot,"Yongsan District, Seoul",91,2010
190,Curo Holdings,Seoul,91,1987
191,D-Business,Seoul,91,2012
192,D-LABEL,Seoul,91,2023
193,D-Maker,Seoul,91,2017
194,D-Nation,Seoul,91,2018
195,D1CE,Seoul,91,2019
196,Daekyo Media Contents Business Division,Seoul,91,1975
197,Dain,Seoul,91,2016
198,DaL LaLa Network,"Mapo-gu, Seoul",91,2018
199,Dalsooobin Company,Seoul,91,2019
200,DAM,Seoul,91,2014
201,Dareun Byeol,Seoul,91,2014
202,Daynite Records,Seoul,91,2017
203,Daytona,Seoul,91,2020
204,Daze alive,Seoul,91,2012
205,DCTOM,Seoul,91,2017
206,Dear,Seoul,91,2022
207,DEE Company,"Yeongdeungpo-gu, Seoul",91,1995
208,Deep Studio,"Seochogu, Seoul",91,2017
209,Dejavu Group,Seoul,91,2013
210,Devine Channel,Seoul,91,2017
211,DG,"Gangnam-gu, Seoul",91,2022
212,DH Play,"Mapo-gu, Seoul",91,2012
213,Dia Note,Seoul,91,2020
214,DIMA,"Anseong, Gyeonggi province",91,1997
215,Dirty Play Records,Seoul,91,2023
216,DK,Seoul,91,2012
217,DNA,Seoul,91,2016
218,Doll Communications,Seoul,91,2009
219,DONGYO,"Gangnam-gu, Seoul",91,2014
220,Donuts Culture,Seoul,91,2008
221,Donuts Music N,Seoul,91,2016
222,DooRooDooRoo Artist Company,Seoul,91,2014
223,Doremi Media,Paju,91,1990
224,Dorothy Company,Seoul,91,2002
225,Dot Music,Seoul,91,2023
226,DOUBLE,Seoul,91,2015
227,Double H TNE,"Gangnam-gu, Seoul",91,2021
228,DR Music,Seoul,91,1997
229,Dr. Simpson Company,Seoul,91,2015
230,Drawy0uth,Seoul,91,2017
231,Dream Perfect Regime,Seoul,91,2017
232,Dreamcatcher Company,Seoul,91,2008
233,DreamStar,Seoul,91,2012
234,DreamT,Seoul,91,2009
235,Dreamus,Seoul,91,1999
236,Drift,Seoul,91,2018
237,DS (2014),Seoul,91,2014
238,DS (2019),Seoul,91,2019
239,DS&A,Seoul,91,2018
240,DSP Media,Seoul,91,1991
241,DSY,Busan,91,2015
242,Duble Kick,Seoul,91,2012
243,Dynasty Muzik,Seoul,91,2003
244,E,Seoul,91,2019
245,Early Bird,Seoul,91,2011
246,Echo Global Group,"Seocho-gu, Seoul",91,2014
247,Ecube Media,Seoul,91,2013
248,EDAM,Seoul,91,2020
249,Edel Media,Seoul,91,2018
250,EDEN,"Seongdong-gu, Seoul",91,2019
251,EGO Group,"Mapo-gu, Seoul",91,2014
252,EightPrime,Seoul,91,2020
253,Elephant,"Songpa-gu, Seoul",91,2012
254,ELEVEN9,Seoul,91,2015
255,Elrise,Seoul,91,2015
256,EMA,Seoul,91,2021
257,Emperor Korea,Seoul,91,2015
258,Engine of Dream,Seoul,91,2015
259,Enterrobang,Seoul,91,2020
260,CUP,"Seocho-gu, Seoul",91,2019
261,HAN,"Mapo-gu, Seoul",91,2021
262,ESCROW,Seoul,91,2023
263,Escrow (2013),Seoul,91,2013
264,ESteem,Seoul,91,2004
265,Estimate,Seoul,91,2019
266,Etromedia,Seoul,91,2017
267,Everglow,Seoul,91,2020
268,Eyecontact Company,Seoul,91,2020
269,EZ,Seoul,91,2020
270,F&F,"Gangnam-gu, Seoul",91,2022
271,F&J,Seoul,91,2003
272,FA,Seoul,91,2019
273,FA,Seoul,91,2018
274,Faction A Like,Seoul,91,2021
275,FAME Records,Seoul,91,2017
276,FameUs,Seoul,91,2018
277,Fantagio,Seoul,91,2008
278,Fantagio Music,Seoul,91,2011
279,FAVE,Seoul,91,2012
280,Favor,Seoul,91,2008
281,FC ENM,Seoul,91,2021
282,Fe Enterteinment,"Gangnam-gu , Seoul",91,1989
283,Feel GHood Music,Seoul,91,2013
284,FENT,Seoul,91,2013
285,FineCut,Seoul,91,2014
286,FirstOne,Seoul,91,2019
287,Five Stones,"Mapo-gu, Seoul",91,2013
288,FLASHE,Seoul,91,2015
289,Flex M,"Gangnam-gu, Seoul",91,2019
290,FLO,Seoul,91,2018
291,FLUXUS MUSIC,Seoul,91,2002
292,FM,"Mapo-gu, Seoul",91,2011
293,FN,"Gangnam-gu, Seoul",91,2015
294,FNC B,Seoul,91,2021
295,FNC,Seoul,91,2006
296,FNC W,Seoul,91,2021
297,Four Go,"Mapo-gu, Seoul",91,2020
298,Freedom City,Seoul,91,2017
299,FYMM Records,Seoul,91,2021
300,Gachi,Seoul,91,2012
301,Gaonix,Seoul,91,1990
302,GBK,"Seongdong-gu, Seoul",91,2011
303,Genie Music,Seoul,91,1991
304,GF,Seoul,91,1998
305,GGA,"Gangnam-gu, Seoul",91,2022
306,GGM Records,Seoul,91,2019
307,GH,Seoul,91,2008
308,Ghost Studio,Seoul,91,2019
309,GINI STARS,Seoul,91,2016
310,Girl Group API,Seoul,91,2020
311,GKMNEO,Seoul,91,2021
312,Gleamedia,"Seocho-gu, Seoul",91,2016
313,Glitched Company,Seoul,91,2021
314,Glorious,Seoul,91,2015
315,Glove,Seoul,91,2016
316,GM Contents Media,Seoul,91,2010
317,GNi,Seoul,91,2016
318,Gogeum Music,"Jongno-gu, Seoul",91,2017
319,GOGO2020,"Gangnam-gu, Seoul",91,2019
320,GOLDDUST,"Gangnam-gu, Seoul",91,2023
321,GON,Seoul,91,2014
322,Good,Seoul,91,2003
323,Good Fellas,Seoul,91,2010
324,GOOD IMPACT,Seoul,91,2023
325,Good Luck,Seoul,91,2018
326,Goodman Story,Seoul,91,2021
327,GOST Agency,Seoul,91,2004
328,Grandline Group,Seoul,91,2021
329,GRDL,Seoul,91,2010
330,GRID,Seoul,91,2023
331,GROOVL1N,Seoul,91,2019
332,H,Seoul,91,2020
333,H&,"Gangnam-gu, Seoul",91,2020
334,H&I,Seoul,91,2016
335,H2media,Seoul,91,2011
336,Haeirum,Seoul,91,2018
337,Haewadal,Seoul,91,2015
338,Halftime Records,Seoul,91,2019
339,Hanahreum Company,Seoul,91,2016
340,HANDMADE,Seoul,91,2021
341,Hanyang E&M,Seoul,91,2015
342,Happy Robot Records,"Mapo-gu, Seoul",91,2003
343,Happy Tribe,Seoul,91,2010
344,Heart,Seoul,91,2020
345,HF Music Company,Seoul,91,2016
346,HG,Seoul,91,2016
347,Hi-Hat,"Gangnam-gu, Seoul",91,2022
348,Hi-Lite Records,Seoul,91,2010
349,HiCC,Seoul,91,2008
350,Hicon,"Gangnam-gu, Seoul",91,2022
351,High,Seoul,91,2016
352,High Star,Seoul,91,2010
353,High Up,Seoul,91,2017
354,Highgrnd,Seoul,91,2015
355,HIGHLINE ENTERTAINMENT,Seoul,91,2017
356,HIM,Seoul,91,2004
357,HKR,Seoul,91,1979
358,HODU&U,"Mapo-gu, Seoul",91,2013
359,HOMe,Seoul,91,2023
360,Hook,"Gangnam-gu, Seoul",91,2002
361,House of Dreams,Seoul,91,2022
362,HOW,Seoul,91,2015
363,HR,"Mapo-gu, Seoul",91,2019
364,HS Media,Seoul,91,1999
365,Humap Contents,"Gwangjin-gu, Seoul",91,2015
366,Hunus,Seoul,91,2014
367,HUX,Seoul,91,2012
368,HYBE Labels,Seoul,91,2005
369,HYPER RHYTHM,Seoul,91,2022
370,HYPLE,Seoul,91,2018
371,Hyuk And Company,"Mapo-gu, Seoul",91,2017
372,Hyunda Company,Seoul,91,2015
373,Hyundai Records,Seoul,91,1977
374,HYWY,Seoul,91,2017
375,Ice Creative,"Yongsan-gu, Seoul",91,2017
376,Iconic MnE,Seoul,91,2020
377,IEUM HASHTAG,Seoul,91,2020
378,Illionaire Records,Seoul,91,2011
379,Imagine Asia,Seoul,91,1976
380,IMe KOREA,Seoul,91,2016
381,IMH,Gangnam,91,2019
382,IMX,Seoul,91,2016
383,IN,Seoul,91,2014
384,INAKIST,Seoul,91,2019
385,INB100,Seoul,91,2023
386,Indigo Music,Seoul,91,2017
387,Initial,"Gangnam-gu, Seoul",91,2021
388,iNKODE,"Mapo-gu, Seoul",91,2023
389,Inmedia,"Gangnam-gu, Seoul",91,2015
390,INN Company,Seoul,91,2018
391,InnextTrend,"Gangnam-gu, Seoul",91,2003
392,INNO-K,Seoul,91,2016
393,INOFF MUSIC,Seoul,91,2020
394,INPLANET MUSIC,Seoul,91,2012
395,INTER BD,Seoul,91,1998
396,Interactive Media Mix,Seoul,91,2001
397,Interpark,Seoul,91,1996
398,Interpark,Seoul,91,2017
399,Interpark Music Plus,Seoul,91,2018
400,Inyeon,Seoul,91,2017
401,IOK M,Seoul,91,2020
402,IPQ,Seoul,91,2023
403,Irion,Seoul,91,2022
404,Isam Media,Seoul,91,2007
405,IST,Seoul,91,2021
406,IT,Seoul,91,2015
407,J Win,"Mapo-gu, Seoul",91,2021
408,J-Entercom,Seoul,91,2000
409,J-FLO,"Gangnam-gu, Seoul",91,2016
410,J-Star,Seoul,91,2014
411,"J,Wide-Company",Seoul,91,2011
412,J. Tune Camp,Seoul,91,2009
413,J. Tune,Seoul,91,2007
414,J&Star Company,Seoul,91,2007
415,J9,Seoul,91,2020
416,Jackpot,Seoul,91,2014
417,Jade Contents Media,Seoul,91,2014
418,Janggoon,"Mapo-gu, Seoul",91,2020
419,Jeinain,Seoul,91,2018
420,Jellyfish,Seoul,91,2007
421,Jflex,Seoul,91,2021
422,JG Star,Seoul,91,2012
423,JHS,Seoul,91,2019
424,Jigu Records,Seoul,91,1964
425,JIIN,Seoul,91,2006
426,JN,Seoul,91,2017
427,JS,Seoul,91,2014
428,JT Corea,Seoul,91,2016
429,JTG,Seoul,91,2013
430,JTM,Seoul,91,2009
431,Juice,Seoul,91,2014
432,Jungle,Seoul,91,2006
433,Jungoh Company,Seoul,91,2022
434,Just COLOR Studio,Seoul,91,2020
435,JUST,"Seongdong-gu, Seoul",91,2020
436,Just Music,Seoul,91,2009
437,JWK,"Mapo-gu, Seoul",91,2018
438,JXENM,Seoul,91,2021
439,JYP,Seoul,91,1997
440,JZ Factory,Seoul,91,2013
441,K Art Music,Daejeon,91,2015
442,K-Tigers E&C,Seoul,91,2018
443,K-Tigers,Seoul,91,1990
444,Kakao,Seoul,91,2010
445,Kakao M,Seoul,91,1978
446,KBS Media,"Mapo-gu, Seoul",91,1991
447,KC,Seoul,91,2023
448,KD,"Gangdong-gu, Seoul",91,2017
449,KeyEast,"Yeongdong-daero, Gangnam District, Seoul",91,1996
450,Keystone,"Songpa-Gu, Seoul",91,2021
451,KH Company,"Gangnam-gu, Seoul",91,2019
452,Kiana,Seoul,91,2016
453,Kids Planet,Seoul,91,2017
454,King,Seoul,91,2017
455,King Kong by Starship,Seoul,91,2009
456,Kings,Seoul,91,2015
457,Kings Land,Seoul,91,2019
458,Kingtop,Seoul,91,2019
459,Kithewhale,Seoul,91,2019
460,Kiwi Pop,Seoul,91,2018
461,KJ Music,Seoul,91,2013
462,KLAP,"Gangnam-gu, Seoul",91,2020
463,KM,Seoul,91,2020
464,KMOONfnd,Seoul,91,2014
465,Knight Airport,Seoul,91,2023
466,KONNECT,Seoul,91,2019
467,Korean Broadcasting System,"Yeouido, Yeongdeungpo-gu, Seoul",91,1927
468,KOZ,Seoul,91,2019
469,KPLUS,Seoul,91,2008
470,KQ Produce,Seoul,91,2016
471,KRAZY,Seoul,91,2018
472,KWSunflower,Seoul,91,2011
473,KYT,Seoul,91,2012
474,Kyun Create,Seoul,91,2018
475,LA,Seoul,91,2015
476,LABEL SAYU,Seoul,91,2023
477,Label SJ,Seoul,91,2015
478,LBNC,Seoul,91,2017
479,Leaders,"Gangnam-gu, Seoul",91,2023
480,LeanBranding,"Yongsan-gu, Seoul",91,2019
481,leek.mill,Seoul,91,2012
482,Leessang Company,Seoul,91,2012
483,LEGO LABEL,Seoul,91,2014
484,Level-Up,Seoul,91,2020
485,Lighthouse,Seoul,91,2018
486,Lionheart,Seoul,91,2017
487,Liveworks Company,Seoul,91,2009
488,Liz,Seoul,91,2014
489,LM,Seoul,91,2019
490,Local High Records,Seoul,91,2020
491,LONG PLAY MUSIC,"Gangnam-gu, Seoul",91,2010
492,Look Media,"Gangnam-gu, Seoul",91,2009
493,LUK Factory,Seoul,91,2004
494,Luminant,"Songpa-gu, Seoul",91,2012
495,LYL Culture &,"Gangnam-gu, Seoul",91,2018
496,LYNNA,"Seocho-gu, Seoul",91,2022
497,M Rising,Seoul,91,2007
498,M.O.L.Entertainment,Seoul,91,2015
499,M&D17,Seoul,91,2018
500,M25,"Gangnam-gu, Seoul",91,2022
501,MA,Seoul,91,2022
502,MADA,Seoul,91,2000
503,Mafia Records,Seoul,91,2011
504,Magic Fresh Company,Seoul,91,2018
505,Magic Strawberry Sound,Seoul,91,2010
506,Mainstream,Seoul,91,2019
507,Majesty,Seoul,91,2014
508,Major,Seoul,91,2017
509,Major7 E&M,Seoul,91,2015
510,MAJOR9,Seoul,91,2017
511,MAKE D,Seoul,91,2017
512,Maktub Company,Seoul,91,2017
513,Management 2sang,Seoul,91,2015
514,Management A.M.9,Seoul,91,2022
515,Management Allum,Seoul,91,2020
516,Management KOO,Seoul,91,2013
517,Management Redwoods,Seoul,91,2010
518,Management SOOP,Seoul,91,2011
519,Map The Soul,Seoul,91,2009
520,MAPPS,"Gangnam-gu, Seoul",91,2013
521,Marbling E&M,"Gangnam-gu, Seoul",91,2016
522,Maroo,Seoul,91,2007
523,Mauve Company,Seoul,91,2020
524,MBK,"Gangnam-gu, Seoul",91,2007
525,MD,Seoul,91,2019
526,MECHIVE,Seoul,91,2020
527,Media Asia Korea,"Gangnam-gu, Seoul",91,2016
528,Media Line,Seoul,91,2013
529,MEFLEX,"Mapo-gu, Seoul",91,2020
530,Mellow,Seoul,91,2020
531,Metaverse,"Seongdong-gu, Seoul",91,2021
532,MILES,Seoul,91,2020
533,Million Market,Seoul,91,2012
534,Mine Field,Seoul,91,2021
535,Mirrorball Music,Seoul,91,2009
536,MissDica,Seoul,91,2015
537,MJ,Seoul,91,2015
538,MLD,Seoul,91,2016
539,Mnet Media,Seoul,91,1994
540,MNH,Seoul,91,2014
541,MOAI,Seoul,91,2017
542,Model Directors,"GwangJin-Gu, Seoul",91,2011
543,MODERNBOY ENTERTAINMENT,"Eunpyeong-gu, Seoul",91,2013
544,MODHAUS,"Gangnam-gu, Seoul",91,2022
545,Monday Kiz Company,Seoul,91,2017
546,MonoTree,Seoul,91,2014
547,MORE VISION,Seoul,91,2022
548,Moss Music,Seoul,91,2020
549,Most Works,"Gangnam-gu, Seoul",91,2018
550,Mostable Music,Seoul,91,2016
551,Mound Media,"Gangnam-gu, Seoul",91,2014
552,MPMG,"Mapo-gu, Seoul",91,1997
553,MPMG MUSIC,"Mapo-gu, Seoul",91,2021
554,MSH,Seoul,91,2018
555,MUE A,Seoul,91,2023
556,Mun Hwa In,Seoul,91,2016
557,Munhwa Broadcasting Corporation,"Mapo District, Seoul",91,1961
558,Music Design,Seoul,91,1990
559,Music Factory,Seoul,91,1995
560,Music Farm,Seoul,91,2002
561,MUSIC&NEW,Seoul,91,2012
562,MUSTM,"Songpa-gu, Seoul",91,2018
563,MY,Seoul,91,2014
564,MyDoll,Seoul,91,2018
565,MYSTIC Story,"Gangnam-gu, Seoul",91,2011
566,MZ,Seoul,91,2020
567,MZMC Inc.,Seoul,91,2021
568,Na,Incheon,91,1982
569,NAKED,Seoul,91,2023
570,Namoo Actors,Seoul,91,2004
571,Narda,Seoul,91,2015
572,Nature Space,Seoul,91,2022
573,Nega Network,Seoul,91,2003
574,NEST MANAGEMENT,Seoul,91,2017
575,Neul,"Seocho-gu, Seoul",91,2022
576,Neuron Music,"Seongbuk-gu, Seoul",91,2011
577,Neverland,"Gangnam-gu, Seoul",91,2014
578,New Code Company,Seoul,91,2016
579,New Era Project,"Mapo-gu, Seoul",91,2017
580,New Type ENT,Seoul,91,2014
581,New Wave Records,Seoul,91,2016
582,"New Ways Company Co., Ltd","Gangnam-gu, Seoul",91,2023
583,New X,Seoul,91,2023
584,Nextar,Seoul,91,2007
585,Nextlevel,Seoul,91,2014
586,NH Media,Seoul,91,1998
587,NHN Bugs,Seongnam,91,2002
588,NiNE Music,Seoul,91,2016
589,NJ,"Gangnam-gu, Seoul",91,2017
590,No.1 Media,Seoul,91,2012
591,NOGA,"Gangnam-gu, Seoul",91,2016
592,NOMAD,Seoul,91,2023
593,Noon Company,"Gangnam-gu, Seoul",91,2001
594,NPIO,Seoul,91,2019
595,NRS,Seoul,91,2021
596,Ntree,Seoul,91,2011
597,NUPLAY,Seoul,91,2015
598,NW Studios,Seoul,91,2017
599,Oasis Records,Seoul,91,1952
600,OCTO,Seoul,91,2018
601,OD,Seoul,91,2018
602,ODD ATELIER,Seoul,91,2023
603,ODE,Seoul,91,2023
604,Off The Record,Seoul,91,2018
605,OGAM,Seoul,91,2008
606,ON1 Enertainment,"Seocho-gu, Seoul",91,2017
607,ONE FINE DAY,Seoul,91,2023
608,One Soul E&M,Seoul,91,2020
609,OneTop,Seoul,91,2015
610,OnGray,Seoul,91,2017
611,ONO,Seoul,91,2016
612,Open World,"Cheongdam-dong, gangnam-gu",91,2000
613,OPUS,Seoul,91,2017
614,Orange Popular,Seoul,91,1981
615,OSR,Seoul,91,2019
616,OUI,Seoul,91,2016
617,OURS Co.,Seoul,91,2018
618,Outlive,"Seocho-gu , Seoul",91,2019
619,OWL Production,Seoul,91,2012
620,P Nation,Seoul,91,2019
621,P&B,Seoul,91,2019
622,P&Studio,Seoul,91,2021
623,Paix Per Mil,Seoul,91,2020
624,Pallete,"Gangnam-gu, Seoul",91,2020
625,PALMTREE ISLAND,Seoul,91,2021
626,Pan,"Mapo-gu, Seoul",91,1998
627,Paramount Music,Seoul,91,2007
628,Parkjiyoon Creative,Seoul,91,2009
629,Parksal Company,Seoul,91,2015
630,Partners Park,"Gangnam-gu, Seoul",91,2017
631,pastelmusic,Seoul,91,2002
632,Peaches Label,Seoul,91,2017
633,Peponi Music,Seoul,91,2012
634,Petite Concierge,"Gangnam-gu, Seoul",91,2021
635,Pida Music,Seoul,91,2013
636,PIG,Seoul,91,2021
637,Pixel Network,"Guro-gu, Seoul",91,2020
638,PJ,Seoul,91,2021
639,Plan A,Seoul,91,2011
640,Planetarium Records,Seoul,91,2016
641,Play M,Seoul,91,2019
642,Play Music,Seoul,91,2019
643,Pledis,Seoul,91,2007
644,Plum A&C,Seoul,91,2017
645,Plus N,Seoul,91,2021
646,PocketDol Studio,"Nonhyeon-dong , Gangnam-gu , Seoul",91,2017
647,Poclanos,Seoul,91,2015
648,Polaris,Seoul,91,2006
649,Popeye,"Eunpyeong-gu, Seoul",91,2010
650,Pops,"Jung-gu, Incheon",91,2015
651,PR,Seoul,91,2014
652,PRISMFILTER MUSIC GROUP,"Gangnam-gu, Seoul",91,2019
653,Private Only,Seoul,91,2019
654,Professional,Seoul,91,2013
655,Pureplay Production,Seoul,91,2020
656,PYRAT,Seoul,91,2022
657,Quan,"Mapo-gu, Seoul",91,2012
658,Rabbiteyes Records,Seoul,91,2020
659,Rain Company,Seoul,91,2015
660,Rainbow E&M,"Gangnam, Seoul",91,2009
661,RAVEX,Seoul,91,2023
662,RBC Amusement,"Gangnam-gu, Seoul",91,2017
663,RBW,"Gwangjin-gu, Seoul",91,2010
664,Red Line,Seoul,91,2012
665,Redstart ENM,Seoul,91,2022
666,Regolith,Seoul,91,2012
667,Retro,Seoul,91,2019
668,Retune Music,Seongnam,91,2018
669,Richworld,"Gwonseon-gu, Suwon, Gyeonggi-do",91,2011
670,Rising Star,Seoul,91,2019
671,RND Company,"Gangnam-gu, Seoul",91,2021
672,Robin K.,"Gangseo-gu, Seoul",91,2016
673,Rolling Culture One,Seoul,91,1995
674,Rolling Star,Seoul,91,2020
675,Romantic Factory,Seoul,91,2012
676,Rooftop Company,Seoul,91,2016
677,ROOTS,Seoul,91,2014
678,ROSCHILD,Seoul,91,2020
679,rrr,Seoul,91,2020
680,Ruby Records,"Yangcheon-gu, Seoul",91,2008
681,S Media,"Gangnam-gu, Seoul",91,2023
682,S-Dream,Seoul,91,2018
683,S-TASY,Seoul,91,2021
684,S&P,Seoul,91,2016
685,S2,Seoul,91,2020
686,Saeraon E&T,"Gangnam-gu, Seoul",91,2021
687,SAI,Seoul,91,2018
688,Sajah Records,Seoul,91,2010
689,Samsung Music,Seoul,91,1992
690,Sandbox Network,"Yongsan-gu, Seoul",91,2015
691,Sauce Cartel,Seoul,91,2022
692,SB&W,Seoul,91,2007
693,ScreaM Records,Seoul,91,2016
694,SD,"Dongjak-gu, Seoul",91,2018
695,SE Group,Seoul,91,2021
696,Sebunguri,Seoul,91,2016
697,Seo Taiji Company,"Jongno-gu, Seoul",91,2001
698,Seowoo ENM,"Mapo-gu, Seoul",91,2014
699,Seven Seasons,Seoul,91,2013
700,SF,Seoul,91,2015
701,SG,Seoul,91,2018
702,SGM Records,Seoul,91,2014
703,SHINHOO,Seoul,91,2013
704,Shinhwa Company,Seoul,91,2011
705,Shinsegye Sound,Seoul,91,1966
706,Shinwha,Seoul,91,2021
707,Shofar,Seoul,91,2011
708,Show,Seoul,91,2013
709,ShowPLAY ACTORS,"Gangnam-gu, Seoul",91,2023
710,ShowPLAY,"Gangnam-gu, Seoul",91,2020
711,SHS Model Management,"Seocho-gu, Seoul",91,2009
712,SidusHQ,Seoul,91,1997
713,Signal,Seoul,91,1991
714,Signature Sound,Seoul,91,2020
715,Singing Beetle,Seoul,91,2023
716,Skrr Gang Business,Seoul,91,2022
717,SLL,"Mapo-gu, Seoul",91,1999
718,SM Classics,Seoul,91,2020
719,SM Culture & Contents,Seoul,91,1987
720,SM,Seoul,91,1989
721,Sniper Sound,Seoul,91,2004
722,Sohaengsung Music,"Gangnam-gu, Seoul",91,2020
723,Solabeam Records,Seoul,91,2023
724,Sony Music Korea,Seoul,91,1989
725,Soonsu Dance Company,"Gwangjin-gu, Seoul",91,2013
726,SORA,Seoul,91,2023
727,Soul Company,Seoul,91,2004
728,Source Music,Seoul,91,2009
729,South Buyers Club,Seoul,91,2017
730,Space Music,Bucheon,91,2005
731,SPIRE,Seoul,91,2020
732,SPK,"Guro-gu, Seoul",91,2020
733,SPRING ENT,"Mapo-gu, Seoul",91,2011
734,SQU4D,Seoul,91,2021
735,Square Record,Seoul,91,2019
736,SRB Records,Seoul,91,1975
737,SRP,"Gangnam-gu, Seoul",91,2020
738,SS,Seoul,91,2015
739,SSGG Company,"Jung-gu, Seoul",91,2018
740,SSQ,"Gangnam-gu, Seoul",91,2019
741,Standard Friends,Seoul,91,2022
742,Star Crew,Seoul,91,2007
743,Star Empire,Seoul,91,2000
744,Star Ent.,Seoul,91,2018
745,Star Fox,Seoul,91,2006
746,Star Road,Seoul,91,2013
747,Star Village,"Seongdong-gu, Seoul",91,2013
748,StarCore Academy,Seoul,91,2013
749,Starcubic,Seoul,91,2012
750,Stardom,Seoul,91,2009
751,Stardust Academy,Seoul,91,2023
752,Starhaus,"Mapo-gu, Seoul",91,2012
753,Starit,Seoul,91,2008
754,Starmade,"Yangpyeong-gun, Gyeonggi-do",91,2006
755,Starmax Media,Seoul,91,1984
756,STARO,Seoul,91,2017
757,STARON,Seoul,91,2021
758,Starpro,Seoul,91,2013
759,Starry Nightt Music,Seoul,91,2020
760,Starship,Seoul,91,2008
761,Starship X,Seoul,91,2013
762,Starting House,Seoul,91,2020
763,Starweave,"Gangnam-gu, Seoul",91,2020
764,Starworld,Seoul,91,1997
765,STL,Seoul,91,2016
766,Stone Music,Seoul,91,1994
767,Stoneship,Seoul,91,2014
768,Story J Company,Seoul,91,2019
769,STORY&PLUS,"Gangnam-gu, Seoul",91,2021
770,STUDIO 1592,Seoul,91,2023
771,Studio Big Blue,Seoul,91,2021
772,Studio Billybean,"Mapo-gu, Seoul",91,2015
773,Studio Blu,Seoul,91,2018
774,Studio J,Seoul,91,2015
775,Studio JAMM,Seoul,91,2022
776,Studio MOS,Seoul,91,2017
777,Studio Santa Claus,Seoul,91,2004
778,Studio25,Seoul,91,2021
779,SUBLIME,"Sinsa-dong, Gangnam-gu, Seoul",91,2015
780,Sugar,Seoul,91,2015
781,Sugar Records,Seoul,91,2013
782,Sun Records,Seoul,91,1981
783,Superbell Company,"Mapo-gu, Seoul",91,2022
784,Supreme,Seoul,91,2015
785,Sure Place,"Seocho-gu, Seoul",91,2023
786,SW,Seoul,91,2016
787,Swing,Seoul,91,2018
788,SXTYDGRS,Seoul,91,2021
789,T&I Cultures,Seoul,91,2006
790,Tae Gwang Record,Seoul,91,1980
791,Tailruns Media,Seoul,91,2010
792,TAJOY,"Mapo-Gu, Seoul",91,2010
793,Talented,Seoul,91,2018
794,Tamago Production,Seoul,91,2022
795,Tango Music,"Gangnam-gu, Seoul",91,2022
796,Team Galactica,"Seocho-gu, Seoul",91,2022
797,TEN2,Seoul,91,2015
798,TGN,Seoul,91,2008
799,TH Company,"Gangnam-gu, Seoul",91,2019
800,The Black Label,Seoul,91,2015
801,The Dial Music,Seoul,91,2022
802,The Pascal,Seoul,91,2007
803,The Groove Company,Seoul,91,2002
804,The Jackie Chan Group Korea,Seoul,91,2014
805,THE L1VE,"CHEONGDAM-DONG, GANGNAM-GU, SEOUL",91,2021
806,The Music Works,Seoul,91,2014
807,The Muze Production,"Seongdong-gu, Seoul",91,2020
808,The Ocean,Seoul,91,2015
809,The Prizm,Seoul,91,2018
810,The Tilde,Seoul,91,2021
811,The Turbo Company,Seoul,91,2015
812,The Unit Culture Industry Company,Seoul,91,2018
813,THE VAULT,"MAPO-GU, SEOUL",91,2017
814,The Wave E&M,Seoul,91,2016
815,The Wave Music,Seoul,91,2016
816,THE015B,"Seongnam, Seoul",91,2018
817,THINK ABOUT,Seoul,91,2017
818,Think,Seoul,91,2019
819,TigerLily,Seoul,91,2023
820,TIPTOP,Seoul,91,2013
821,TM,Seoul,91,2022
822,TM (2003),"Gangdong-gu, Seoul",91,2003
823,TN Nation,"Yongsan-gu, Seoul",91,2002
824,To Hermitage,Seoul,91,2019
825,Tommy & Partners,Seoul,91,2018
826,Top Cloud,Seoul,91,2017
827,TOP Media,Seoul,91,2005
828,TOPSPOT PICTURES,"Yongsan-gu, Seoul",91,2022
829,Totalset,Seoul,91,2014
830,TOV,Seoul,91,2018
831,TR,Seoul,91,2020
832,Treasure Hunter,"Seongdong-gu, Seoul",91,2015
833,Tricell Media,Seoul,91,2012
834,Trifecta,Seoul,91,2000
835,TripleCrown MusicLabel,"Mapo-gu, Seoul",91,2018
836,Trophy,Seoul,91,2010
837,TS,Seoul,91,2008
838,Turbo JK Company,Seoul,91,2021
839,UB Management Group,"Gangnam-gu, Seoul",91,2015
840,Ubuntu,Seoul,91,2020
841,UFO Production,"Gangnam-gu, Seoul",91,2018
842,UMI,Paju,91,2017
843,Uncutpoint,"Gangnam-gu, Seoul",91,2021
844,UnderWater Record Label,Seoul,91,2021
845,UniqueTunes Records,Seoul,91,2016
846,Universal Music Korea,Seoul,91,2010
847,Unusual Sound,Seoul,91,2019
848,UPVOTE,Seoul,91,2016
849,Urban Works,"Mapo-gu, Seoul",91,2009
850,Urbane Music,Seoul,91,2014
851,US Media Group,Seoul,91,2018
852,Uzu Rocks,"Gangnam-gu, Seoul",91,2017
853,V,"Mapo-gu, Seoul",91,2008
854,Vanilla Music,Seoul,91,2008
855,VAST,"Gangnam-gu, Seoul",91,2015
856,Very Cherry,Seoul,91,2020
857,VIC,"Mapo-gu, Seoul",91,2016
858,Victory Company,"Gangnam-gu, Seoul",91,2018
859,Video Village,"Gangnam-gu, Seoul",91,2014
860,Vine,Seoul,91,2016
861,VL,Seoul,91,2014
862,VMC,Seoul,91,2014
863,VT,Seoul,91,2018
864,W2 Company,Seoul,91,2023
865,WA,Seoul,91,2012
866,Wannabe,Seoul,91,2017
867,Warner Music Korea,Seoul,91,1989
868,Wave,Seoul,91,2023
869,Wave Nine,"Gangnam-gu, Seoul",91,2018
870,wavy,"Seongdong-gu, Seoul",91,2018
871,WAY BETTER,Seoul,91,2020
872,Wayside Town,Seoul,91,2017
873,Wayz Company,Seoul,91,2016
874,WD,"Gangnam, Seoul",91,2018
875,Wedaplugg Records,Seoul,91,2017
876,Wells,Seoul,91,2017
877,WESTTIME,Seoul,91,2019
878,WEUS,"Gyeonggi-do, Paju",91,2022
879,WH Creative,Seoul,91,2011
880,White Moon,Seoul,91,2015
881,WIDMAY,Seoul,91,2015
882,Will,Seoul,91,2011
883,Windfall,Seoul,91,2022
884,Wings,Seoul,91,2016
885,WinnerZone,Seoul,91,2020
886,Winning Insight,Seoul,91,2008
887,With US,Seoul,91,2019
888,withHC,Seoul,91,2008
889,WK ENM,Seoul,91,2019
890,WKS ENE,Seoul,91,2014
891,WM,Seoul,91,2008
892,Wolfburn,Seoul,91,2019
893,Woollim,Seoul,91,2003
894,WoongJin,Seoul,91,1987
895,Woori Actors,Seoul,91,2014
896,WOORIDLE Company,"Yongsan-gu, Seoul",91,2018
897,WYNN,Seoul,91,2016
898,X-PLUS Media,Seoul,91,1998
899,Xanadu,"Gangnam-gu, Seoul",91,2021
900,XX,Seoul,91,2014
901,Y-Bloom,Seoul,91,2020
902,Yam Yam,"Gangnam-gu, Seoul",91,2005
903,Yedam,Seoul,91,2019
904,Yedang Records,Seoul,91,1991
905,Yeh Eum Records,Seoul,91,1980
906,Yejeon Media &,Seoul,91,1996
907,YEOM,Seoul,91,2013
908,YES IM,"Paju-si, Gyeonggi-do",91,2018
909,YG,Seoul,91,1996
910,YG PLUS,Seoul,91,1996
911,YG Underground,Seoul,91,2005
912,YGX,Seoul,91,2018
913,YK Media Plus,"Mapo-gu, Seoul",91,2021
914,YMC,Seoul,91,2010
915,YNB,Seoul,91,2012
916,Yng & Rich Records,Seoul,91,2019
917,YNK,Seoul,91,2016
918,Yoonso Group,Seoul,91,2022
919,You.will.knovv,Seoul,91,2017
920,Young,"Yongsan-gu, Seoul",91,2009
921,Your Summer,"Mapo-gu, Seoul",91,2014
922,Youth Young,Seoul,91,2021
923,YPC Company,"Dongan-gu, Anyang, Gyeonggi-do",91,1988
924,YS Music,Seol,91,2017
925,Yuleum,"Gangnam-gu, Seoul",91,2002
926,YWHO Enterprise,Seoul,91,2009
927,YY,"Gangnam-gu, Seoul",91,2023
928,Z,Seoul,91,2018
929,ZB Label,Seoul,91,2001
930,ZEZE,Seoul,91,2022
931,ZOO,Gangnam-gu Seoul,91,2014
932,12ENT,"Sunnyvale, California",187,2017
933,88rising,New York,187,2015
934,BMG,New York City,187,1987
935,BORN CTZN,"Los Angeles, California",187,2017
936,Columbia Records,"New York City, New York",187,1889
937,Epic Records,"New York City, New York",187,1953
938,Geffen Records,"Santa Monica, California",187,1980
939,ICM Partners,"Century City, Los Angeles, California",187,1975
940,Imperial Music,"New York, New York",187,2020
941,Interscope Records,"Santa Monica, California",187,1990
942,Intertwine,"Los Angeles, California",187,2021
943,Konvict Muzik,"Atlanta, Georgia",187,2004
944,Maverick Management,"Beverly Hills, California",187,2014
945,MKIT Rain,Los Angeles,187,2016
946,Paradigm Talent Agency,"West Hollywood, Los Angeles, California",187,1992
947,Republic Records,"New York City, New York",187,1995
948,RocNation,"New York, New York",187,2008
949,Schoolboy Records,"Santa Monica, California",187,2007
950,Sony Music,New York City,187,1929
951,Steel Wool,"Los Angeles, California",187,2012
952,THE UNIT LABEL,"Los Angeles, California",187,2022
953,Transparent Arts,"La Palma, Los Angeles, California",187,2010
954,United Talent Agency,"Beverly Hills, California",187,1991
955,Universal Music Group,"Santa Monica, California",187,1934
956,Warner Records,"Los Angeles, California",187,1958
957,Wasserman,"Los Angeles, California",187,1998
958,William Morris Endeavor,"Beverly Hills, Los Angeles",187,2009
959,54,Bangkok,175,2015
960,D.U.M.B. Recordings,Bangkok,175,2019
961,iAM,Bangkok,175,2017
962,Studio Wabi Sabi,Bangkok,175,2019
963,YUPP!,"Sukhumvit, Bangkok",175,2018
964,A-LIGHT,Tokyo,85,2005
965,A.M.Entertainment,"Shibuya-ku, Tokyo",85,2015
966,AI,"Shibuya, Tokyo",85,2007
967,AMUSE,"Tokyo, Japan",85,1978
968,Asia Promotion,"Shibuya, Tokyo",85,2007
969,Asobi System,"Shibuya-ku, Tokyo",85,2022
970,Avex Trax,"Minato, Tokyo",85,1990
971,Being Inc.,"Roppongi, Minato-ku, Tokyo",85,1978
972,BMD Fox Records,Tokyo,85,2013
973,BRIDGE JAPAN Inc.,"Minato-ku, Tokyo",85,2010
974,CAT'S EYE Okinawa,"Naha City, Okinawa Prefecture",85,1985
975,Crocodile.ltd,"Minato-ku, Tokyo",85,2015
976,Def Jam Japan,Tokyo,85,2000
977,DH,"Chiyoda-ku, Tokyo",85,2020
978,Diamond Music,"Chuo-ku, Tokyo",85,2019
979,Dream Passport,"Yokohama, Kanagawa Prefecture",85,2018
980,Eastworld,Tokyo,85,1978
981,ECHORDS ENTERTAINMENT,Tokyo,85,2017
982,EMI Music Japan,"Akasaka Gochome, Minato, Tokyo",85,1960
983,EMI Records Japan,"Aoyama, Minato, Tokyo",85,2013
984,EVA,"Shibuya-ku, Tokyo",85,2018
985,EXPG ENTERTAINMENT,Tokyo,85,2003
986,Flave,"Minato-ku, Tokyo",85,2012
987,Flora,"Chuo-ku, Niigata City",85,2020
988,FNC Japan,"Minato-ku, Tokyo",85,2011
989,Fortune,"Naka-ku, Nagoya-shi, Aichi and Minato-ku, Tokyo",85,1998
990,Good Choice,"Minato-ku, Tokyo",85,2012
991,Hip Land Music Corp.,Tokyo,85,1998
992,HoriPro,"Meguro-ku, Tokyo",85,1960
993,HY,"Heiwajima, Ota",85,2010
994,HYBE Labels Japan,Tokyo,85,2017
995,Ikushimakikaku,"Meguro-ku, Tokyo",85,1989
996,Irving,"Chiyoda-ku, Tokyo",85,1997
997,IVY Company,"Setagaya-ku, Tokyo",85,1992
998,JSL Japan,Osaka,85,2016
999,Juss k. k.,"Minato-ku, Tokyo",85,2022
1000,JVCKenwood Victor,Tokyo,85,1972
1001,JX,"Kita-ku, Osaka",85,2018
1002,Ki/oon Music,"Akasaka, Minato, Tokyo",85,1992
1003,King Records,"Bunkyo, Tokyo",85,1931
1004,KIRINPRO,"Shibuya-ku, Tokyo",85,1999
1005,KISS,"Meguro City, Tokyo",85,2010
1006,KZ,Tokyo,85,2019
1007,LAPONE,"Shinjuku-ku, Tokyo",85,2019
1008,LDH,"Meguro, Tokyo",85,2003
1009,LesPros,"Chiyoda-ku, Tokyo",85,1991
1010,Likey,Tokyo,85,2022
1011,LOG-IN,Tokyo,85,2019
1012,Mainbase,Tokyo,85,2019
1013,Master Lights,"Shibuya-ku, Tokyo",85,2016
1014,MEPLUS Media,"Shibuya-ku, Tokyo",85,2002
1015,Mercury,Tokyo,85,2020
1016,Mercury Tokyo,Tokyo,85,1952
1017,N.D.Promotion,Tokyo,85,2010
1018,Narrow,"Minato-ku, Tokyo",85,2011
1019,ND-STUDIO,Fukuoka,85,1995
1020,Nippon Crown,"Shinagawa-ku, Tokyo",85,1963
1021,OMG,"Shibuya-ku, Tokyo",85,2019
1022,ON MUSIC JAPAN,Osaka,85,2022
1023,Oneworld,Tokyo,85,2016
1024,Oscar Promotion,"Aoyama, Minato, Tokyo",85,1970
1025,Padox_Sori,Tokyo,85,2010
1026,Panda Record,Tokyo,85,2014
1027,Platinum Production,"Shibuya-ku, Tokyo",85,2010
1028,PLUSWIN,"Nishi-ku, Osaka",85,2005
1029,Pony Canyon,"Minato, Tokyo",85,1966
1030,Production Ogi,"Shinjuku-Ku, Tokyo",85,1978
1031,RBW Japan,Tokyo,85,2018
1032,Rhythm Zone,"Minato, Tokyo",85,1999
1033,San Office,"Shibuya-ku, Tokyo",85,2017
1034,Sistus Records,Tokyo,85,2006
1035,SOMEDAY,"Minato-ku, Tokyo",85,1993
1036,Sony Music Japan,"Rokubancho, Chiyoda, Tokyo",85,1968
1037,STARDUST PROMOTION,"Shibuya, Tokyo",85,1979
1038,Stepout Dance Studio,Osaka,85,1998
1039,Sun Music,"Shinjuku-ku, Tokyo",85,1968
1040,Sweet Power,"Minato-ku, Tokyo",85,1996
1041,Teichiku Records,"Minato-ku, Tokyo",85,1934
1042,Ten Carat,"Shibuya-ku, Tokyo",85,1994
1043,Tokuma Japan Communications,Tokyo,85,1965
1044,Toy's Factory,"Shibuya, Tokyo",85,1990
1045,TRAPEZISTE,"Minato-ku, Tokyo",85,2013
1046,Trio Records,Tokyo,85,1969
1047,Tristone,"Minato, Tokyo",85,1993
1048,Twin Planet,"Shibuya City, Tokyo",85,2006
1049,Universal Music Japan,"Jingumae, Shibuya-ku, Tokyo",85,1990
1050,Universal Sigma,Tokyo,85,2000
1051,VAP,Tokyo,85,1981
1052,Vernalossom,"Chiyoda, Tokyo",85,2006
1053,Warner Music Japan,Tokyo,85,1970
1054,Watanabe,"Shibuya, Tokyo",85,2000
1055,XGALX,Tokyo,85,2017
1056,YGEX,Tokyo,85,2011
1057,YK Agent,"Shibuya-ku, Tokyo",85,2021
1058,Yoshimoto Music,"Osaka, Tokyo",85,2001
1059,Zest,"Shibuya, Tokyo",85,2019
1060,ABS-CBN Corporation,"Quezon City, Metro Manila",139,1946
1061,Celebrity Studio,Quezon City,139,2019
1062,Cornerstone,Manila,139,2005
1063,Sparkle,Quezon City,139,1995
1064,Star Magic,Quezon City,139,1992
1065,Star Music,Quezon City,139,1995
1066,Viva Records,Pasig,139,1982
1067,AIF,Beijing,36,2017
1068,Banana Culture Music,Shanghai,36,2015
1069,Bates MeThinks,Shanghai,36,2013
1070,Chromosome Group,Changsha,36,2020
1071,Dreams Salon Culture,"New Territories, Hong Kong",36,2013
1072,Echo,"Kowloon, Hong Kong",36,2010
1073,EE-Media,Shanghai,36,2004
1074,Emperor Group,Hong Kong,36,1999
1075,Filmko Films,Hong Kong,36,2002
1076,Gramarie,Beijing,36,2015
1077,Huayi Brothers,Beijing,36,1994
1078,Jay Walk Studio,Beijing,36,2012
1079,Jaywalk Newjoy,Beijing,36,2018
1080,Jiayan Mama Art Center,Hong Kong,36,2004
1081,L.TAO,Beijing,36,2017
1082,Longzhen Culture,"Guangzhou, Guangdong",36,1997
1083,Mercury Nation,Beijing,36,2016
1084,OACA,Beijing,36,2016
1085,One Cool Jacso,Hong Kong,36,2016
1086,Original Plan,Shanghai,36,2017
1087,Qin's,Beijing,36,2016
1088,RealShow,Beijing,36,2012
1089,Rising Sun,"Kowloon, Hong Kong",36,2023
1090,Rock Forward,Shanghai,36,2014
1091,RYCE,"Chaoyang District, Beijing",36,2020
1092,Shanghai Media Group,China,36,2001
1093,Shaw Brothers,"New Territories, Hong Kong",36,1958
1094,Shining Star Culture,Beijing,36,2020
1095,Show City Times,"Chaoyang District, Beijing",36,2009
1096,Simply Joy Music,Beijing,36,2010
1097,STAR48,Shanghai,36,2013
1098,STAR48 Culture Media,Shanghai,36,2010
1099,Sunny Side Up Culture Holdings,"Kowloon, Hong Kong",36,2011
1100,TOP CLASS,"Pudong, Shanghai",36,2017
1101,TVB,"New Territories, Hong Kong",36,1967
1102,Universal Music Hong Kong,"Kowloon, Hong Kong",36,1999
1103,Wajijiwa,Beijing,36,2017
1104,WSM,Hong Kong,36,2002
1105,Yue Hua,Beijing,36,2009
1106,Avex Taiwan,Taipei,172,1998
1107,Huayan International Music,Taipei,172,1999
1108,KEYMAXii,Taipei,172,2021
1109,Media Asia Taiwan,Taipei,172,2015
1110,Rock Records,"Neihu, Taipei",172,1986
1111,True Fun,Taipei,172,2013
1112,BPro,Ho Chi Minh City,193,2011
1113,DreamS,Ho Chi Minh City,193,2012
1114,RBW Vietnam,Ho Chi Minh City,193,2016
1115,Def Jam France,Paris,61,2009
1116,Divtone,Singapore,157,2018
1117,Ocean Butterflies Music,Singapore,157,1986
1118,TCP Artistes,Singapore,157,2010
1119,Wild Group,Singapore,157,2020
1120,DLMG ENTERTAINMENT,Madrid,164,2007
1121,Polydor Records,"London, England",65,1913
1122,PolyGram,Baarn,125,1962
1123,TaP Music,London,186,2012
1124,Troy,Ulaanbaatar,117,2018
1125,UnionWave,Geneva,170,2018
